"ID_FIRM","P1110_B","P1110_E","P1120_B","P1120_E","P1130_B","P1130_E","P1140_B","P1140_E","P1150_B","P1150_E","P1160_B","P1160_E","P1170_B","P1170_E","P1180_B","P1180_E","P1190_B","P1190_E","P1100_B","P1100_E","P1210_B","P1210_E","P1220_B","P1220_E","P1230_B","P1230_E","P1240_B","P1240_E","P1250_B","P1250_E","P1260_B","P1260_E","P1200_B","P1200_E","P1600_B","P1600_E","P1310_B","P1310_E","P1320_B","P1320_E","P1340_B","P1340_E","P1350_B","P1350_E","P1360_B","P1360_E","P1370_B","P1370_E","P1300_B","P1300_E","P1410_B","P1410_E","P1420_B","P1420_E","P1430_B","P1430_E","P1450_B","P1450_E","P1400_B","P1400_E","P1510_B","P1510_E","P1520_B","P1520_E","P1530_B","P1530_E","P1540_B","P1540_E","P1550_B","P1550_E","P1500_B","P1500_E","P1700_B","P1700_E","P2110_B","P2110_E","P2120_B","P2120_E","P2100_B","P2100_E","P2210_B","P2210_E","P2220_B","P2220_E","P2200_B","P2200_E","P2310_B","P2310_E","P2320_B","P2320_E","P2330_B","P2330_E","P2340_B","P2340_E","P2350_B","P2350_E","P2300_B","P2300_E","P2410_B","P2410_E","P2421_B","P2421_E","P2430_B","P2430_E","P2450_B","P2450_E","P2460_B","P2460_E","P2400_B","P2400_E","BANKR"
1,8,7,0,0,0,0,0,0,402,398,0,0,115,96,0,0,0,0,525,501,2,2,0,0,3640,2174,28672,26515,2117,1694,89,155,34520,30540,35045,31041,785,785,0,0,0,0,13770,13770,114,114,19949,16589,34618,31258,0,0,0,0,0,0,0,0,0,0,0,0,824,5,0,0,0,0,0,0,824,5,35442,31263,14702,14581,0,0,14702,14581,5256,5513,24917,23451,-15471,-14383,19246,17024,2699,2517,0,0,49,3,4884,4460,1639,701,78,80,345,161,0,0,0,0,0,0,1561,621,0
2,0,0,3318,3318,0,0,0,0,208809,205131,2912,1903,491773,491773,34802,103655,0,0,741614,805780,434461,433941,11,37,86212,30911,283443,283443,380,990,34196,0,838703,749322,1580317,1555102,49,49,0,0,83645,83645,4155,4155,7,7,-1334919,-1352890,-1247063,-1265034,862614,862614,3,28,0,0,0,0,862617,862642,1047653,1047653,954159,949641,0,0,0,0,0,0,2001812,1997294,1617366,1594902,29850,25406,12736,31289,17114,-5883,0,0,0,0,17114,-5883,0,0,0,0,0,0,160326,0,192736,1689,-15296,-7572,0,0,0,0,0,0,0,0,0,8551,-15296,-16123,0
3,0,0,0,0,0,0,0,0,237,237,0,0,0,0,0,0,0,0,237,237,2800,2800,0,0,176862,173412,123778,123778,0,0,0,0,303440,299990,303677,300227,3,3,0,0,0,0,0,0,0,0,-5452,-6861,-5449,-6858,0,0,0,0,0,0,0,0,0,0,16045,17492,290829,295797,0,0,0,0,0,0,306874,313289,301425,306431,0,0,0,0,0,0,0,0,432,272,-432,-272,0,0,0,0,395,358,691,0,2024,745,-2160,-1375,0,0,0,0,0,0,0,0,6,0,-2166,-1375,0
4,0,0,0,0,0,0,0,0,15428,15364,0,0,0,0,4,0,0,0,15432,15364,3,3,66,66,383,474,0,0,1519,2460,21,21,1992,3024,17424,18388,19,19,0,0,5483,5483,0,0,5,5,10499,11020,16006,16527,0,0,0,22,0,0,0,0,0,22,0,0,1790,1794,0,0,19,29,0,0,1809,1823,17815,18372,6424,6304,4529,4768,1895,1536,0,0,351,341,1544,1195,0,0,0,0,0,0,0,33,4672,498,-3128,730,262,210,0,-55,0,22,0,4,0,0,-3390,502,0
5,0,0,0,0,0,0,0,0,340249,348946,0,0,239178,227763,0,0,22062,22062,601489,598771,673674,673304,23,18,186752,149459,60585,64934,8258,6973,484,249,929776,894937,1531265,1493708,101754,101754,0,0,314918,314918,259907,259907,2962,3292,110968,118550,790509,798421,90030,52890,0,11,0,0,0,0,90030,52901,6119,2472,622569,628970,161,81,0,0,0,0,628849,631523,1509388,1482845,131384,137159,49713,46841,81671,90318,0,0,44373,62677,37298,27641,0,0,3267,1462,7711,11318,348714,29675,351553,38858,30015,8602,3779,2491,-1045,-895,0,11,0,0,105,0,26131,6100,0
6,0,0,0,0,0,0,0,0,63633,64161,0,0,113987,112643,0,0,0,0,177620,176804,52985,50532,0,0,25355,33190,45665,50881,2743,2859,0,0,126748,137462,304368,314266,652,652,0,0,32764,32764,55967,55967,411,411,174396,187854,264190,277648,24870,24870,0,0,0,0,0,0,24870,24870,0,0,11825,10664,0,0,0,0,0,0,11825,10664,300885,313182,36010,37026,22065,34821,13945,2205,0,0,6513,5441,7432,-3236,2469,5296,10921,11397,0,0,202,3585,1020,1696,20004,15346,0,0,0,0,0,0,0,0,1187,1336,18817,14010,0
7,0,0,0,0,0,0,0,0,748,713,0,0,0,0,0,0,0,0,748,713,159,145,0,0,253,425,0,0,202,355,0,0,614,925,1362,1638,0,0,0,0,0,0,0,0,0,0,0,0,0,0,0,0,0,0,0,0,0,0,0,0,0,0,0,114,0,0,0,0,0,0,0,114,0,114,2515,2343,2270,2081,245,262,0,0,0,0,245,262,0,0,0,0,0,0,38,35,0,0,283,297,78,73,0,0,0,0,0,0,0,0,205,224,0
8,0,0,0,0,0,0,0,0,47681,52305,0,0,0,0,106,118,0,0,47787,52423,2561,2010,311,311,9654,16126,2174,2046,16623,17941,220,299,31543,38733,79330,91156,19917,19917,0,0,0,0,0,0,962,949,28267,29998,49146,50864,0,0,639,707,0,0,0,0,639,707,3775,0,27114,38098,0,0,0,0,0,0,30889,38098,80674,89669,129846,133745,103089,113180,26757,20565,0,0,0,0,26757,20565,0,0,1064,439,0,0,3,252,16198,19504,11626,1752,3813,4355,-2814,-3221,67,68,2,12,0,0,7748,-2659,0
9,13629,15668,0,0,0,0,0,0,1958068,8602134,2613828,1824850,123374,127837,79189,71270,15229,22821,4803317,10664580,22349,36713,7394,9527,419897,979049,12238,0,4916876,20061791,0,0,5378754,21087080,10182071,31751660,64164,64164,0,0,141598,106362,0,0,3172,3172,504010,545341,712944,719039,0,0,96397,69589,0,0,5357,3978,101754,73567,114302,1319966,7985815,24383200,981319,859624,29604,42866,372338,3959738,9483378,30565394,10298076,31358000,1469801,1277644,2854984,2714123,-1385183,-1436479,154,0,427938,537330,-1813275,-1973809,0,0,200710,226192,28638,67721,3045885,3616006,995835,1900365,408847,-99697,34327,44247,9795,17639,37997,28092,2452,7707,558,0,338417,-164329,0
10,15263043,19753757,2517184,1913810,119268635,116573965,51036160,54127077,7820673202,7757058279,0,0,2645281404,2922750037,76315368,155912261,28581358,31698999,10758936354,11059788185,501618314,555091193,69962597,47465637,1713724485,1775069509,270168192,514230352,445636741,473413290,3017051,1962132,3004127380,3367232113,13763063734,14427020298,119044023,119044023,0,0,5794684669,5724165050,0,0,8748689,8748689,4462844473,4277986959,10385321854,10129944721,1472690319,1471554989,485308373,535017052,7843490,9139256,2381914,2396338,1968224096,2018107635,643567231,949340807,775046663,960711624,0,0,89917613,135173218,0,0,1508531507,2045225649,13862077457,14193278005,4022179141,4211708588,2233394214,2519208748,1788784927,1692499840,1296827699,1316434309,94081241,98250106,397875987,277815425,135085520,356994075,66422768,68383743,118441491,95190667,1427012161,737919402,1186797330,1222247379,721157615,123674599,142200532,130029104,127471613,127942184,88042148,46325948,4969868,76220001,2008662,1237753,493876141,22301795,0
11,22978797,23227596,3312826,4836792,80346626,112742091,11450458,26153635,1054901430,1163345465,0,0,5604739772,6026230268,69678332,96482259,33386029,31544748,6880794270,7484562854,113140436,138432364,56566863,71068914,1484561000,2509914450,918522437,723800419,601638606,113579068,7754567,8631356,3182183909,3565426571,10062978179,11049989425,102987,102987,0,0,15,5,112367742,113301426,5451,5451,1818856308,1849699139,1931332503,1963109008,4414487783,5193771990,76799321,93010492,50381757,60930309,1516977200,1406537712,6058646061,6754250503,540590981,835947855,1725776014,1733736030,1826437,2729573,23177598,20094870,373379,407688,2291744409,2592916016,10281722973,11310275527,4305808497,5026784259,2887468900,3499215339,1418339597,1527568920,982254838,969916727,64929051,68085706,371155708,489566487,0,0,163114548,178657343,352175621,387906223,274519038,332509865,428703848,419983719,27909825,192843753,46257423,12420508,98405,43498258,9114203,12210991,52914476,27541571,30573067,28756831,-5120392,166996994,0
12,374645,376797,32440,30278,0,0,0,0,15443402,14392299,0,0,1169044928,1602144617,541755,3325472,84722,532061,1185521892,1620801524,33883,30937,232492,37504,184625174,297207204,483892148,75526409,130764252,123539790,0,0,799547949,496341844,1985069841,2117143368,21061,21061,0,0,174,12,12944277,12944277,3262,3262,1296580751,1371881543,1309549525,1384850155,154731433,118578385,487295,556226,0,0,22614,84617,155241342,119219228,258253000,353293255,196825217,243513211,0,0,2546177,18440507,0,0,457624394,615246973,1922415261,2119316356,319782562,223602594,18395896,19221163,301386666,204381431,3478696,1921036,24479417,45438806,273428553,157021589,0,0,65530155,65989532,50653523,35777492,4491633,69502116,111485532,40701993,181311286,216033752,16287207,12627299,2043130,2771093,76838,44940,40096,2762603,171083,98795,164816254,206025321,0
13,5945951,8745690,189432,142818,0,0,0,0,86066635,85005438,7137341,2359742,732816548,698200816,6026599,5988113,4864245,3825964,843046751,804268581,170919,138770,9111827,10086915,77796912,74133751,111669844,103000195,54862041,60338640,0,0,253611543,247698271,1096658294,1051966852,7187,7112,0,0,1311704,1261567,51393746,57981172,13236,13236,127979260,129724814,180705133,188987901,601962846,572054865,30889716,11968864,0,0,568,568,632853130,584024297,128919229,121848693,173795015,158059656,44851,5424,2652551,2949028,0,0,305411646,282862801,1118969909,1055874999,801715247,821217274,716262715,722142320,85452532,99074954,29663306,30257623,20420305,24701482,35368921,44115849,1543878,2686362,42645854,46792828,47954917,47894281,399679459,246960928,410285686,239941597,20997509,52720089,39696181,35773497,698174,2448479,31264693,18084541,1111031,310873,1493821,858885,-50346155,-1685961,0
14,225662,202602,0,0,0,0,0,0,8674128,10110725,0,0,18536589,24984522,3946111,3738276,115596,122752,31498086,39158877,121439,135064,166886,88042,2974438,7160088,13902312,17116098,121938,495308,0,31338,17287013,25025938,48785099,64184815,4707,4707,0,0,0,0,1923126,1923126,4714,4714,17670073,21791385,19602620,23723932,8015018,7659751,96640,52070,237465,274031,4487675,0,12836798,7985852,8923742,17099171,6168460,14650133,0,0,419469,362982,2462,1591,15514133,32113877,47953551,63823661,13510552,17920949,10569286,14238829,2941266,3682120,0,0,1686545,1360551,1254721,2321569,3608170,3453704,1076249,2430766,2029621,2202946,7520826,140890,494197,267896,10936148,5876087,7626,227074,1317206,10594,30886,42495,9165,198239,15220,5086,10891581,5799671,0
15,17,452,0,0,0,0,0,0,22675,31789,0,0,20,10,134,0,0,0,22846,32251,18354,35644,6,3,10605,14960,0,3639,137,374,0,0,29102,54620,51948,86871,10,10,0,0,0,0,15941,15941,1,1,-1141,-1652,14811,14300,0,0,97,0,0,0,0,0,97,0,8855,7872,28362,64531,0,0,0,0,0,0,37217,72403,52125,86703,40163,48352,31015,36522,9148,11830,0,0,8990,11807,158,23,0,0,0,0,156,7,567,1221,1012,917,-443,320,15,105,0,0,0,0,0,0,0,6,-458,209,0
16,33,26,0,0,0,0,0,0,613108,1079255,463,441,427994,710631,39294,14325,383758,237801,1464650,2042479,59462,63075,211477,281785,4321476,3685216,275068,0,423219,517700,0,0,5290702,4547776,6755352,6590255,895549,895549,0,0,1627,1578,448684,448684,202386,202386,540640,1084361,2088886,2632558,0,0,2541,3724,0,0,0,0,2541,3724,1372778,84,3356142,3949317,0,0,26864,48077,0,0,4755784,3997478,6847211,6633760,41538263,43076169,36617520,39458931,4920743,3617238,1314783,1405190,0,0,3605960,2212048,7108,36857,2842,11165,170525,39744,2349568,1256158,3213668,1951505,2581285,1524979,181459,395064,76865,227742,2450,1222,7368,25561,13655,1366,2391089,1152888,0
17,1,13479,0,49478,0,0,0,0,171236588,166974001,0,0,15390741,15800642,2541913,191846,9123118,12597437,198292361,195626883,9258886,13329412,189097,6078,49938294,40579622,16673699,11065924,10070866,20812812,1126944,1653682,87257786,87447530,285550147,283074413,38665837,38665837,-892316,-892316,61633811,60129856,54644842,54644842,1972210,1972210,50419060,72496849,206443444,227017278,21618340,9243718,14589836,13867509,0,0,95103,156535,36303279,23267762,21606166,13882769,17390809,10239876,109066,104116,3139544,3598503,0,0,42245585,27825264,284992308,278110304,192435851,195655106,165002017,160234919,27433834,35420187,229693,200059,0,0,27204141,35220128,88779,94154,3084346,3624954,3025114,1697489,9413216,5763106,15288645,10397800,21476723,32607053,4976123,4327777,2353300,442558,1127714,22655,1057756,2319031,1548906,11782,14881736,30563870,0
18,0,0,0,0,0,0,0,0,459667,452409,0,3002,0,0,4512,4217,15194,14890,479373,474518,9282,8458,266,13,3434814,4155078,564139,554391,173918,401425,51,154,4182470,5119519,4661843,5594037,27263,27263,0,0,63244,63244,0,0,1391,1391,1348332,1440904,1440230,1532802,1046054,1003116,55042,54147,0,0,16193,9829,1117289,1067092,261273,858599,1797218,2068754,0,0,13832,11766,0,0,2072323,2939119,4629842,5539013,11174872,11393433,10399253,10694060,775619,699373,389310,462752,0,0,386309,236621,0,0,4640,5715,34152,110237,826874,1048861,1204497,1328385,-20826,-147425,79141,50113,48040,18383,1390,1346,12,288,4684,3357,-106029,-201953,0
19,0,0,0,0,0,0,0,0,48138,48598,0,0,0,0,0,0,0,0,48138,48598,12336,159241,1551,15732,140156,14731,44310,730,13197,58715,441,499,211991,249648,260129,298246,3026,3026,0,0,0,0,0,0,0,0,105297,102999,108323,106025,859,859,0,0,0,0,0,0,859,859,51008,63831,102304,121458,0,0,0,0,0,0,153312,185289,262494,292173,402189,682979,336440,592819,65749,90160,0,0,34244,53214,31505,36946,0,0,0,191,4715,8022,10854,15653,29869,50193,7775,-5425,2456,5698,0,0,0,0,0,0,0,0,5319,-11123,0
20,0,0,0,0,0,0,0,0,597828,592966,0,0,957,957,16926,16346,0,0,615711,610269,238,146,0,0,26139,33847,38292,5387,24951,32610,10,6,89630,71996,705341,682265,120164,120164,0,0,8411,8411,24383,24383,5902,5902,548575,477536,707435,636396,0,0,10644,10156,0,0,0,0,10644,10156,0,0,14818,14213,0,0,650,595,0,0,15468,14808,733547,661360,131274,121429,121657,120295,9617,1134,0,0,0,0,9617,1134,0,0,2902,6339,0,0,101,1638,2029,1689,10591,7422,0,978,229,-34,567,438,2770,1063,0,0,12794,7069,0
21,26370,34053,23988,70057,0,0,0,0,55947746,59472881,0,0,46851,35280,849196,873694,53339,83944,56947490,60569909,1388405,1618501,7691,6170,7008762,7036212,0,0,1220630,1642274,617175,978046,10242663,11281203,67190153,71851112,30696026,30577661,0,0,10668034,10997353,6626332,6626332,161871,266769,-12652978,-12612490,35499285,35855625,18944451,22407335,126752,177151,0,0,1418902,975630,20490105,23560116,77763,91332,8483105,11130600,133426,129090,2890791,1358316,0,0,11585085,12709338,67574475,72125079,42447045,43313091,35394459,37382090,7052586,5931001,0,0,99592,110432,6952994,5820569,0,282,91332,47428,1917631,1941915,2575345,2361179,3171055,3311897,4530985,2975646,1229393,648224,617479,425042,5459,50663,121773,11088,43553,27111,3374353,2260736,0
22,0,0,0,0,0,0,0,0,10335,7026,0,0,24434,19709,326401,356468,1643,537,362813,383740,2848,977,0,0,614622,464356,0,0,56239,77040,13503,15144,687212,557517,1050025,941257,50426,50426,0,0,0,0,286,286,0,0,-5061608,-5636327,-5010896,-5585615,0,0,342,171,0,0,0,561641,342,561812,113133,113938,5905656,6112176,0,0,70973,28356,0,0,6089762,6254470,1079208,1230667,4110982,4540909,1062393,1117070,3048589,3423839,2919237,3383582,198089,136005,-68737,-95748,0,0,263,0,3596,3596,1231881,930868,2453508,1642807,-1293697,-811283,0,0,252123,122905,347,164,31681,32413,43593,0,-1305956,-779034,0
23,0,0,0,0,0,0,0,0,15028,10623,261,20,2100,1701,4209,55048,517,249,22115,67641,24154,5085,16,0,470428,256210,0,19,21759,19990,503,2127,516860,283431,538975,351072,574718,574718,0,0,1038,1038,0,0,17664,17664,-1465100,-2250400,-871680,-1656980,0,0,534,383,0,0,0,0,534,383,0,0,1275524,1829799,0,0,84663,139091,0,0,1360187,1968890,489041,312293,4224576,4243457,971446,928997,3253130,3314460,3088130,3122598,139619,148098,25381,43764,0,0,5782,5509,0,0,873890,318042,1204022,1140551,-298969,-773236,18400,0,73023,115102,198,128,4036,50946,492,10216,-314023,-732634,0
24,0,0,0,0,0,0,0,0,645518,523566,0,0,0,0,12453,15824,0,0,657971,539390,6,3,0,0,26430,34034,193777,161314,18158,10454,249,14,238620,205819,896591,745209,39676,644267,0,0,0,0,0,0,0,0,814599,51865,854275,696132,0,0,0,0,0,0,0,0,0,0,0,0,21723,21682,48,0,3947,1647,0,0,25718,23329,879993,719461,141159,78551,104562,58134,36597,20417,0,0,48794,39053,-12197,-18636,0,0,17174,10816,0,0,61189,347820,98617,399642,-32451,-59642,0,0,-6499,-7194,0,0,1360,3376,0,0,-31091,-56266,0
25,8847,7614,0,0,0,0,0,0,18666513,19370751,0,0,19843435,16132084,55784,92658,0,0,38574579,35603107,315704,323884,0,0,10286274,8164163,5761553,12154407,1241,8795,2,0,16364774,20651249,54939353,56254356,397001,397001,-415197,-415197,15973742,16802116,52652,52652,19417,19417,36051558,38924589,52079173,55780578,333079,281498,614387,670593,0,0,0,0,947466,952091,1836425,2270,478528,322092,0,0,15393,36432,23603,4265,2353949,365059,55380588,57097728,5033044,4951466,1498066,1517701,3534978,3433765,0,0,252856,256166,3282122,3177599,136686,83457,3448323,2632035,615745,88856,518743,645147,616699,1957087,6153430,4492295,1071527,953902,17642,145608,69471,101470,20850,29108,5019,4370,5028263,3461661,0
26,0,0,0,0,0,0,0,0,41265717,39754511,0,0,7032,121505,63662,52793,1615566,1452578,42951977,41381387,685702,820500,5936,4990,5033373,3393233,0,0,3946,1617931,38820,4111,5767777,5840765,48719754,47222152,691877,691877,0,0,0,0,0,200848,34190,34190,10408707,5419399,11134774,6346314,19859275,24283603,3956222,4129683,76528,375400,0,4045,23892025,28792731,9146172,6051795,1584740,3785499,1646170,1570187,57284,63602,0,0,12434366,11471083,47461165,46610128,30384644,32038589,20416704,19101363,9967940,12937226,24293,24751,0,0,9943647,12912475,0,0,293340,19516,2695366,2989866,792321,432826,442921,712941,7891021,9662010,708504,1906595,66486,39040,865547,179839,175197,229926,4009,25247,6488158,7780255,0
27,0,0,0,0,0,0,0,0,8377714,8546074,0,0,554778,554778,399516,279437,1566784,1495289,10898792,10875578,623977,793274,26596,23636,5561210,5331310,91,0,1743546,3202664,362337,494154,8317757,9845038,19216549,20720616,4143964,4143964,0,0,2129037,2102986,4,4,98552,117285,-1939034,-1664982,4432523,4699257,5268969,3242660,0,0,0,0,611546,2798341,5880515,6041001,1684688,4223038,4969279,3775462,0,1885,349271,424041,1517253,1525719,8520491,9950145,18833529,20690403,14151013,14991782,12977989,13892983,1173024,1098799,0,0,0,0,1173024,1098799,0,0,148591,150118,666106,631272,1212158,1829999,1052117,1543837,815550,903807,0,212508,88071,-268154,0,0,194854,117978,19073,13014,991331,796263,0
28,156054,187750,30391,28428,0,0,0,0,151469234,167350161,0,0,18493081,18812389,3014056,3048342,1471001,261145,174633817,189688215,824055,903029,189068,223237,6973926,7590170,0,0,7898272,2410151,2254231,3909924,18139552,15036511,192773369,204724726,1796597,8420457,0,0,51028172,50276693,60734400,54245425,187290,566236,6292166,16594048,120038625,130102859,22081721,25914971,4113567,5395734,0,0,2515427,2315896,28710715,33626601,10651421,11125706,27384620,28085148,0,0,1285456,1492914,0,0,39321497,40703768,188070837,204433228,61148527,76379819,50243303,53308449,10905224,23071370,0,0,108116,108559,10797108,22962811,926,789,1872088,540929,1689879,1399029,6609250,5024068,8527754,8203721,9061739,18925847,2173637,3136099,1041732,1277480,145872,1042324,380726,53049,2184,4,7120772,14800469,0
29,0,0,0,0,0,0,0,0,58659,54863,0,0,0,0,6128,7922,0,0,64787,62785,20140,15384,627,627,2611,4164,29,29,0,18,242,12,23649,20234,88436,83019,26,26,0,0,5246,5246,0,0,0,0,-34971,-44168,-29699,-38896,50408,50408,2434,2102,0,0,0,0,52842,52510,18195,20239,50805,51094,0,0,48,0,0,0,69048,71333,92191,84947,39668,2479,44596,10227,-4928,-7748,0,0,13880,2209,-18808,-9957,0,0,0,0,0,0,1865,9900,6057,10873,-23000,-10930,0,0,-1085,-299,3,331,3510,1603,134,0,-19627,-9658,0
30,0,0,0,0,0,0,0,0,811,783,0,0,0,0,2362,2211,0,0,3173,2994,2379,1572,0,0,4254,4740,0,0,48,2670,93,57,6774,9039,9947,12033,306,306,0,0,2610,2610,0,0,16,16,-11165,-10636,-8233,-7704,0,0,0,0,0,0,0,0,0,0,426,426,16474,17958,0,0,1485,1357,0,0,18385,19741,10152,12037,31980,33569,26403,26271,5577,7298,2,0,9826,5147,-4251,2151,0,0,0,0,0,0,2845,189,12718,1161,-14124,1179,0,153,-2478,84,1,0,370,146,233,0,-13988,1172,0
31,0,0,0,0,0,0,0,0,109678,105481,0,0,0,0,415,454,0,0,110093,105935,5214,19954,20,10,55025,31749,3063,16204,4872,2951,0,0,68194,70868,178287,176803,46,6264,0,0,5849,0,0,0,7,0,153319,155175,159221,161439,0,0,854,836,0,0,0,0,854,836,0,0,14884,16435,0,0,1306,1533,0,0,16190,17968,176265,180243,110477,99750,50252,42872,60225,56878,0,0,22843,24991,37382,31887,0,0,2548,1345,0,0,17885,522,12418,5885,45397,27869,9341,5948,-446,-960,14,30,11,15,0,0,36053,21906,0
32,0,0,0,0,0,0,0,0,179049,157041,46381,46381,0,0,86852,87044,0,0,312282,290466,52903,37046,0,3,98790,184065,0,0,117,0,61822,248,213632,221362,525914,511828,737,737,0,0,0,0,0,0,0,0,13614,13509,14351,14246,381696,381696,0,0,0,0,0,0,381696,381696,0,0,123562,105290,0,0,0,0,0,0,123562,105290,519609,501232,198148,91246,238636,86230,-40488,5016,0,0,160,1360,-40648,3656,0,0,0,0,0,0,22391,42,2101,0,-20358,3698,0,1,0,0,550,0,911,0,3,0,-20000,3697,0
33,109,290,0,0,0,0,0,0,28563,28785,0,0,0,0,86,0,0,0,28758,29075,171385,154801,2551,772,79568,67670,0,0,657,3504,656,838,254817,227585,283575,256660,50552,50552,0,0,1923,1923,0,0,0,380,9543,17899,62018,70754,84663,78507,2371,2448,0,0,0,0,87034,80955,25670,9642,108048,98123,0,0,0,1134,0,109,133718,109008,282770,260717,629883,584321,443795,410227,186088,174094,90433,94442,35371,39557,60284,40095,0,0,0,0,11528,12968,169263,276741,195540,282851,22479,21017,2934,2747,2292,577,17,115,1570,86,0,0,21098,18241,0
34,0,0,0,0,0,0,0,0,19757,18045,0,0,10,10,1430,1474,0,0,21197,19529,12148,10914,0,0,18188,8762,0,0,8,130,664,364,31008,20170,52205,39699,539,539,0,0,2075,2075,0,0,260,260,25993,22181,28867,25055,4880,2448,841,853,0,0,3174,1509,8895,4810,0,0,14558,9103,0,0,0,0,0,0,14558,9103,52320,38968,80370,82897,75454,81565,4916,1332,2921,2160,0,0,1995,-828,0,0,0,0,779,580,1918,3818,6301,7375,-3167,-4965,562,442,-989,-940,48,8,5,7,0,0,-3772,-5408,0
35,0,0,0,0,0,0,0,0,16019,14624,0,0,0,0,213,175,0,0,16232,14799,26260,26828,0,0,6995,12265,0,0,4321,6360,85,49,37661,45502,53893,60301,6,6,0,0,11748,11748,0,0,0,0,24512,35162,36266,46916,1222,0,120,118,0,0,0,0,1342,118,0,0,16713,12179,0,0,1018,839,0,0,17731,13018,55339,60052,100616,112720,77237,95252,23379,17468,2922,4163,11340,5360,9117,7945,0,0,0,0,407,139,5780,7694,5951,5388,8539,10112,2006,2986,-335,-103,45,2,70,38,364,173,6194,6989,0
36,2,0,0,0,0,0,0,0,48225,42961,0,0,151,0,0,0,0,0,48378,42961,31385,25679,159,160,58379,60282,0,0,16,10857,7287,7064,97226,104042,145604,147003,4172,4172,0,0,0,0,11544,11544,207,207,-1292,-9289,14631,6634,50172,48481,0,0,0,0,0,0,50172,48481,0,0,79583,92433,0,0,912,912,0,0,80495,93345,145298,148460,9487,9491,34737,13975,-25250,-4484,0,0,0,0,-25250,-4484,0,0,0,0,0,0,11447,4563,5439,3097,-19242,-3018,0,0,0,0,0,0,0,0,0,0,-19242,-3018,0
37,0,0,0,0,0,0,0,0,185,185,0,0,0,0,43,43,0,0,228,228,10400,5566,0,0,3913,6621,0,0,32,0,0,0,14345,12187,14573,12415,8,8,0,0,0,0,0,0,0,0,-4623,-5100,-4615,-5092,3474,3756,0,0,0,0,518,518,3992,4274,116,703,15257,12399,0,0,0,0,0,0,15373,13102,14750,12284,12021,2307,13365,3016,-1344,-709,0,0,0,0,-1344,-709,0,0,0,0,0,0,6,0,6,0,-1344,-709,0,0,0,0,0,0,0,0,0,0,-1344,-709,0
38,0,0,0,0,0,0,0,0,26281,24701,0,0,10,0,2967,3341,0,0,29258,28042,95358,83900,3261,693,186075,72358,25533,3346,210,2838,288,301,310725,163436,339983,191478,5,5,0,0,5707,5707,0,0,1,1,19689,15873,25402,21586,40413,69852,4466,6018,0,0,55375,54545,100254,130415,40384,13215,164106,26442,0,0,3280,1791,0,0,207770,41448,333426,193449,511037,385147,398948,345817,112089,39330,85375,51694,0,0,26714,-12364,0,0,160,321,27169,17377,55776,44617,70564,16795,-15083,-1598,0,295,-729,-2124,617,1606,2116,267,0,0,-13584,-3232,0
39,0,0,0,0,0,0,0,0,20812,19394,0,0,0,0,15065,14330,0,0,35877,33724,42770,37064,0,0,3112,2988,0,0,2,5,139,65,46023,40122,81900,73846,6,6,0,0,22622,22622,0,0,0,0,-61798,-58234,-39170,-35606,54990,54990,2616,2353,0,0,0,0,57606,57343,0,0,63007,51239,0,0,135,168,0,0,63142,51407,81578,73144,102569,122566,109789,117067,-7220,5499,0,0,0,0,-7220,5499,0,0,0,0,0,0,1377,701,3614,4001,-9457,2199,0,864,-208,569,381,334,808,908,0,0,-9030,1909,0
40,0,0,0,0,0,0,0,0,36730,34429,0,0,0,0,1268,993,0,0,37998,35422,1132,1116,1,0,1470,26437,101393,77104,5616,17566,3891,3778,113503,126001,151501,161423,30612,30612,0,0,159,159,0,0,1548,1548,112924,116048,145243,148367,0,0,659,583,0,0,0,0,659,583,0,0,5501,6088,0,0,0,0,0,0,5501,6088,151403,155038,58581,55359,2878,2657,55703,52702,0,0,45381,48606,10322,4096,0,5166,1361,0,0,0,2948761,1473708,2896047,1523687,64397,-40717,5931,106,-270,-888,188,72,113,276,0,0,58391,-40619,0
41,2433,2020,0,0,0,0,0,0,118404,93296,22461,18313,1319,1319,1007,1131,0,0,145624,116079,59339,60749,0,0,342500,246754,69155,138285,1626,69,678,359,473298,446216,618922,562295,712,712,0,0,30586,29925,0,0,360,360,502458,495686,534116,526683,0,0,0,0,0,0,0,0,0,0,0,0,91009,34902,0,0,0,0,0,0,91009,34902,625125,561585,208985,151502,208191,155372,794,-3870,0,0,0,0,794,-3870,0,0,1946,347,0,0,8558,158744,11595,168266,-297,-13045,1781,0,-1261,-1156,0,0,68,91,0,0,-2010,-12954,0
42,0,192361,0,0,2813,2813,0,0,97659,55796,0,0,52767,0,24373,37591,0,0,177612,288561,127602,135776,465,1,26189,25236,2974,799,304,401,0,0,157534,162213,335146,450774,30,30,0,0,19484,212413,0,0,1,1,-129639,-203384,-110124,9060,0,0,8874,5207,0,0,0,0,8874,5207,264818,275455,171396,145013,0,0,4024,8570,0,0,440238,429038,338988,443305,179340,216460,88327,111156,91013,105304,27261,26065,76999,96412,-13247,-17173,0,0,29,13,20143,15537,70756,121666,36356,180756,1039,-91787,0,0,-734,-2890,2866,3662,2241,13272,0,2481,414,-84658,0
43,0,0,0,0,0,0,0,0,94954,110112,0,0,0,0,51715,57994,0,0,146669,168106,127012,231877,1,132,67059,105721,0,0,3632,3567,0,0,197704,341297,344373,509403,12,12,0,0,0,0,29800,29800,0,0,-283197,-289062,-253385,-259250,0,0,7454,14546,0,0,0,0,7454,14546,277182,271648,316357,477702,0,0,5341,4713,0,0,598880,754063,352949,509359,246583,230613,233592,218967,12991,11646,13247,7282,0,0,-256,4364,0,0,0,0,2421,2341,3565,5699,7111,7813,-6223,-91,0,0,306,-897,543,6834,60,5388,661,464,-7367,-2001,0
44,4,0,0,0,0,0,0,0,19760,627,0,0,0,0,23249,26852,0,0,43013,27479,15871,10419,121,0,69200,66729,76,76,53,27177,453,0,85774,104401,128787,131880,18,18,0,0,16662,16662,0,0,0,0,-300234,-294267,-283554,-277587,225956,195892,1230,4751,0,0,0,0,227186,200643,33505,36287,148977,165417,0,0,0,0,0,0,182482,201704,126114,124760,26544,6818,35912,9054,-9368,-2236,0,0,13857,6012,-23225,-8248,0,0,42,0,0,0,8791,41407,27848,22660,-42240,10499,0,3394,-3103,-1137,3274,3570,66,3249,111,3,-45559,6781,0
45,0,0,0,0,0,0,0,0,1275175,1017236,0,0,9824,0,7047,4650,0,0,1292046,1021886,853447,177524,67833,1832,832974,497573,145851,332496,222999,440450,5651,44,2128755,1449919,3420801,2471805,634367,634367,0,0,0,0,632720,632720,32127,32127,1341652,947349,2640866,2246563,0,0,3171,0,0,0,0,0,3171,0,0,0,687649,236306,0,0,20461,1055,0,0,708110,237361,3352147,2483924,3853815,1198473,3671392,1047519,182423,150954,146373,68441,368205,145792,-332155,-63279,0,0,29077,39280,19664,0,1038597,986006,890184,1060995,-174329,-98988,58116,0,53395,28063,2214,3201,1680,2441,0,22262,-232979,-122010,0
46,0,0,1163,1163,0,0,0,0,230629,222174,0,0,0,0,247056,247056,0,0,478848,470393,171854,169817,1165,1165,1871308,996456,110371,97843,13,538,12431,12431,2167142,1278250,2645990,1748643,53,53,0,0,39511,39511,0,0,8,8,-743532,-1894297,-703960,-1854725,2054136,2026581,360,360,0,0,0,0,2054496,2026941,359121,359121,866042,1108526,0,0,0,0,0,0,1225163,1467647,2575699,1639863,125682,111892,80322,63116,45360,48776,965,15,129578,130797,-85183,-82036,0,0,5750,0,62406,0,30743,26019,164527,1096243,-275623,-1152260,0,0,0,0,0,0,0,0,2,0,-275625,-1152260,0
47,477,415,14951,13394,0,0,0,0,56553,63546,0,0,0,0,12776,22053,0,0,84757,99408,421040,467725,231,5,94381,134946,0,63651,1998,1062,224,139,517874,667528,602631,766936,66,66,0,0,22260,20506,0,0,10,10,58420,148847,80756,169429,0,0,13303,17542,0,0,0,0,13303,17542,0,68605,467156,466613,747,454,36783,43409,0,0,504686,579081,598745,766052,2458780,2755496,2040571,2534843,418209,220653,34001,37271,293580,302248,90628,-118866,0,0,71,365,0,4924,59892,203541,32486,44048,118105,36068,14261,30349,-1087,-4171,3303,4711,5091,9155,17,2,105615,10161,0
48,0,0,0,0,0,0,0,0,40815,42911,0,0,1,0,2925,7835,0,0,43741,50746,54617,123875,502,15,37532,60151,0,1,83,2643,108,146,92842,186831,136583,237577,10202,10202,0,0,40455,39427,0,0,491,491,13940,6633,65088,56753,0,0,0,4106,0,0,0,0,0,4106,7567,60576,63415,111732,0,0,0,2296,0,0,70982,174604,136070,235463,95975,113558,75392,83528,20583,30030,323,410,19707,32154,553,-2534,0,0,0,0,135,678,16860,18825,25726,23110,-8448,-7497,0,0,0,-802,0,4196,769,4900,450,17,-8129,-6810,0
49,0,0,0,0,0,0,0,0,392155,361954,8312,7974,8610,6725,1901,1939,8357,2115,419335,380707,706684,664046,0,0,394318,352596,743532,1254617,58180,8337,8096,3966,1910810,2283562,2330145,2664269,91710,91710,0,0,0,0,0,0,4597,4597,1886629,2235776,1982936,2332083,0,0,30212,23040,0,0,0,0,30212,23040,0,0,343459,292363,0,0,13093,14100,0,0,356552,306463,2369700,2661586,1851170,2788311,1412984,2117299,438186,671012,72688,93724,123062,154837,242436,422451,0,0,62679,82609,0,0,103292,76445,180626,112131,227781,469374,48333,100892,-3098,-3704,2912,6987,64,55,0,2235,176600,359315,0
50,7,3,0,0,0,0,0,0,321765,298351,0,0,0,0,9744,11833,1256,695,332772,310882,377891,178496,0,0,237489,36444,9,9,1617,2371,0,0,617006,217320,949778,528202,4995,4995,0,0,31641,32012,0,0,259,259,345414,379295,382309,416561,0,0,0,0,0,0,0,0,0,0,20518,0,562851,105527,0,0,0,0,0,0,583369,105527,965678,522088,2336514,1326866,2279530,1164998,56984,161868,22889,72963,0,0,34095,88905,26,78,1728,816,8059,422,22796,38126,28288,73594,22298,53909,10968,20246,-1274,-5651,0,0,4542,2086,0,1362,15872,34387,0
51,0,0,0,0,0,0,0,0,150069,152769,0,0,0,0,0,155,0,0,150069,152924,771,706,5224,0,41958,71862,199650,226163,111194,120716,0,0,358797,419447,508866,572371,9752,9752,0,0,25013,24700,0,0,2419,2419,466383,501525,503567,538396,0,0,0,49,0,0,0,0,0,49,18795,23768,0,0,0,0,0,0,0,0,18795,23768,522362,562213,306862,313177,152690,187022,154172,126155,0,0,0,0,154172,126155,0,0,24121,0,0,0,40186,37003,73015,26947,145464,136211,28724,31314,0,45,0,50,0,155,45,0,116695,105002,0
52,0,0,0,0,0,0,0,0,32340,32479,0,0,306,0,1948,1629,0,0,34594,34108,31,0,1504,1543,15542,15267,0,0,297,84,21,21,17395,16915,51989,51023,24,24,0,0,4404,4404,0,0,4,4,21376,44539,25808,48971,0,0,0,0,0,0,0,0,0,0,1122,432,24322,1991,0,0,0,0,0,0,25444,2423,51252,51394,51,0,0,0,51,0,0,0,2110,1048,-2059,-1048,0,0,0,0,142,179,3150,24858,1263,450,-314,23181,13,175,-13,0,0,0,220,335,0,0,-107,23341,0
53,0,0,0,0,0,0,0,0,11185,10884,0,0,511,581,19,267,0,0,11715,11732,20114,13255,0,0,65852,27056,4163,0,2816,22522,0,0,92945,62833,104660,74565,6,6,0,0,5691,5691,0,0,0,0,60228,50418,65925,56115,0,0,837,57,0,0,0,0,837,57,0,0,31492,13638,0,0,4290,5393,0,0,35782,19031,102544,75203,242022,213448,240986,220875,1036,-7427,0,0,0,0,1036,-7427,0,0,1525,509,1,0,464,4542,2908,4795,116,-7171,1894,772,-77,111,308,808,7,253,4,9891,-2083,-18389,0
54,0,0,0,0,0,0,0,0,7604,7463,0,0,0,0,5,6,305,305,7914,7774,3633,3179,0,0,9291,6952,0,0,1018,3002,88,2,14030,13135,21944,20909,385,385,0,0,18881,18881,0,0,0,0,-1385,-1336,17881,17930,0,0,20,17,0,0,0,0,20,17,0,0,4265,3027,0,0,0,0,0,0,4265,3027,22166,20974,55455,44574,41619,33002,13836,11572,0,0,9759,10053,4077,1519,0,0,0,0,0,0,287,317,2754,602,1610,1234,129,40,120,18,7,3,0,1,0,0,1474,1192,0
55,0,0,0,0,0,0,0,0,41752,36807,0,0,20,20,0,0,2356,2356,44128,39183,44050,49836,0,0,15731,10172,0,0,210,292,0,0,59991,60300,104119,99483,2926,2926,0,0,0,0,43670,43670,0,0,15071,13884,61667,60480,12454,15165,0,0,0,0,0,0,12454,15165,0,0,29013,23550,0,0,0,0,0,0,29013,23550,103134,99195,149403,126534,143900,120797,5503,5737,142,155,0,0,5361,5582,0,0,0,0,1850,1802,0,250,4973,5187,-1462,-1157,23,215,0,0,0,0,0,0,0,0,-1485,-1372,0
56,0,0,0,0,0,0,0,0,11504,10704,0,0,1099,0,0,0,0,0,12603,10704,19047,13955,0,0,16645,22565,0,0,837,1859,297,410,36826,38789,49429,49493,7790,7790,0,0,2710,2710,0,0,0,0,9500,10367,20000,20867,0,0,51,55,0,0,0,0,51,55,0,0,28771,27578,0,0,1055,1165,0,0,29826,28743,49877,49665,271486,268175,264820,259979,6666,8196,0,0,0,0,6666,8196,0,0,22,10,0,0,5555,3248,4143,8335,8100,3119,2291,3112,-661,-960,3,3,0,0,0,0,5806,4,0
57,0,0,0,0,0,0,0,0,71603,62361,0,0,32,32,12936,7214,234,306,84805,69913,175394,153443,33722,770,587891,505026,0,0,126076,42384,2389,1013,925472,702636,1010277,772549,500,500,0,0,118,118,5065,5065,25,25,186561,228514,192269,234222,0,0,0,0,0,0,0,0,0,0,0,0,725282,543263,0,0,13856,19923,106361,0,845499,563186,1037768,797408,1276720,1018659,1020089,755505,256631,263154,0,0,122899,172028,133732,91126,0,0,4693,6623,0,0,60110,83843,119872,126188,78663,55404,8338,21501,-4490,-9665,510,2570,9566,3001,23439,0,55942,34334,0
58,0,0,0,0,0,0,0,0,1761810,1713447,0,0,17749,31796,17106,18428,4452,3360,1801117,1767031,54841,91054,0,149,136453,111339,0,0,93935,100165,491,974,285720,303681,2086837,2070712,1266,1266,0,0,0,0,1166506,1166506,65,65,734834,758058,1902671,1925895,10363,23908,15648,13561,0,0,0,0,26011,37469,0,50,139626,69973,0,0,10164,10248,0,0,149790,80271,2078472,2043635,754505,772969,628727,683692,125778,89277,0,0,0,0,125778,89277,0,0,7373,4531,557,2491,13923,21833,57595,39468,88922,73682,36994,24205,-14744,-8547,80,2432,3544,836,5,3942,55387,43939,0
59,0,0,0,0,0,0,0,0,46127,24828,0,30046,0,0,456,596,0,0,46583,55470,4788,3629,0,0,14179,11700,0,0,3481,5173,0,0,22448,20502,69031,75972,3,3,0,0,9717,9717,0,0,0,0,40263,29302,49983,39022,0,0,347,488,0,0,0,0,347,488,9258,12482,7620,22142,0,0,2415,2733,0,0,19293,37357,69623,76867,97648,92554,81582,88116,16066,4438,0,0,0,0,16066,4438,0,0,0,0,1331,2827,954,896,1920,2182,13769,325,3321,0,-154,-121,190,140,456,131,27,192,10687,124,0
60,1446,1242,0,0,0,0,0,0,47739,46564,0,0,100,100,42941,55583,911,421,93137,103910,13233,9574,11,20,252186,207337,0,0,16569,58,2087,1688,284086,218677,377223,322587,6451,6451,0,0,23839,23839,0,0,318,318,36101,-28852,66709,1756,0,0,7650,5513,0,0,0,0,7650,5513,34902,21050,239117,267989,0,0,38755,30520,0,0,312774,319559,387133,326828,371980,328199,335013,268661,36967,59538,0,0,139473,126568,-102506,-67030,0,0,0,0,7612,5427,2408,65282,93246,67832,-200956,-75007,0,0,-3877,-2464,15496,1901,22658,11312,0,0,-193794,-65596,0
61,158346,243494,18087,62729,0,0,0,0,51031,40132,0,0,525678,525678,4105,24185,250018,91106,1007265,987324,123251,145287,39937,36532,184696,130493,0,0,171599,164904,23159,45478,542642,522694,1549907,1510018,722228,722228,0,0,9983,10024,0,0,633,1353,563719,534696,1296563,1268301,0,0,15615,33284,0,0,0,0,15615,33284,0,0,188273,157506,0,0,16076,13551,3174,5309,207523,176366,1519701,1477951,519717,401470,499734,377937,19983,23533,0,0,0,0,19983,23533,21910,0,2471,3706,0,0,266,3794,39808,62922,4822,-31889,1476,0,704,7106,178,16223,3108,16850,220,534,6056,-31796,0
62,386,315,0,0,0,0,0,0,42287,26231,1335,1280,837,845,184987,186083,916,125,230748,214879,209564,144965,0,0,180390,109818,8766,8766,11506,29765,64904,7040,475130,300354,705878,515233,17665,17665,0,0,12995,10785,0,0,1949,1949,-14399701,-14159205,-14367092,-14128806,0,0,29172,15813,0,0,0,0,29172,15813,423014,423014,14311231,14048731,0,0,15032,650,169,29,14749446,14472424,411526,359431,188031,44880,335463,81330,-147432,-36450,5665,904,104016,44725,-257113,-82079,0,0,452,0,0,0,20845,74695,12610892,117800,-12846708,-125184,0,0,2472420,10547,17441,14778,40877,523,14225,8629,-12837497,-148068,0
63,111,82,0,0,0,0,0,0,20275,16407,0,0,2,0,116096,110757,2919,1828,139403,129074,1920,1583,100,0,446983,405463,40115,38578,1880,2208,4658,1413,495656,449245,635059,578319,8022,8022,0,0,0,0,0,0,1256,1256,284539,281949,293817,291227,0,0,19696,14444,0,0,0,0,19696,14444,114092,62674,188161,197748,0,0,16629,13539,0,0,318882,273961,632395,579632,276640,434452,450187,307080,-173547,127372,0,0,94216,78053,-267763,49319,0,0,103,39,20216,11691,100098,19441,35980,46141,-223758,10967,0,0,2186,672,43315,4821,2889,7169,911,2425,-265095,10890,0
64,0,0,0,0,0,0,0,0,2543,2543,3839,3839,50,50,0,0,0,0,6432,6432,17749,23065,0,0,6275,3351,0,0,3,2,90,90,24117,26508,30549,32940,27,27,0,0,0,0,5473,5473,361,361,2719,3419,8580,9280,9040,0,0,0,0,0,0,0,9040,0,13127,11420,0,12474,0,0,0,0,0,0,13127,23894,30747,33174,30524,21049,29316,20253,1208,796,0,0,0,0,1208,796,0,0,0,0,0,0,3241,0,1636,0,2813,796,0,0,0,0,0,0,0,0,0,0,2813,796,0
65,0,0,0,0,0,0,0,0,19739,13567,0,0,0,0,1830,4274,0,0,21569,17841,29965,38274,0,0,5320,4192,0,0,1746,16,160,109,37191,42591,58760,60432,43258,43258,0,0,6765,4656,0,0,2128,2128,-16188,-26144,35963,23898,0,0,1163,926,0,0,0,0,1163,926,6147,0,14724,35188,0,0,58,153,0,0,20929,35341,58055,60165,39563,14985,42843,18194,-3280,-3209,0,0,10929,14959,-14209,-18168,0,0,0,0,3225,302,28378,14783,14588,10822,-3644,-14509,0,0,-1901,299,103,343,1405,2418,0,9,-2342,-12443,0
66,0,0,0,0,0,0,0,0,18587,17966,0,0,0,0,0,0,0,0,18587,17966,0,0,0,0,1749,383,0,0,9,33,0,0,1758,416,20345,18382,11098,11098,0,0,7308,7308,0,0,22,32,350,-1005,18778,17433,0,0,0,0,0,0,0,0,0,0,0,0,669,253,0,0,0,0,0,0,669,253,19447,17686,9538,7278,3479,2536,6059,4742,0,0,5477,5657,582,-915,0,0,0,0,0,0,0,0,429,285,153,-1200,0,0,0,0,0,0,0,0,108,75,45,-1275,0
67,0,0,0,0,0,0,0,0,3364700,3314822,0,0,3618,3618,117944,126131,629583,548026,4115845,3992597,214191,223754,69850,27401,358184,258578,0,0,10705,3485,1178360,389016,1831290,902234,5947135,4894831,58090,58090,0,0,1993558,1993558,0,0,7966,7966,-344746,-513252,1714868,1546362,784823,0,11911,3138,0,0,950977,257313,1747711,260451,399,1215618,2413898,1786146,0,0,66552,43979,0,0,2480849,3045743,5943428,4852556,422949,287317,333184,223294,89765,64023,1595,443,163219,159627,-75049,-96047,9,26,0,0,105127,59820,370557,404576,613081,418905,-422691,-170170,0,0,14066,13649,11517,8524,55872,10535,3905,5125,-382241,-173284,1
68,0,0,0,0,0,0,0,0,549,535,0,0,0,0,0,0,0,0,549,535,65,79,0,0,2037,1580,95,0,463,603,0,0,2660,2262,3209,2797,22,22,0,0,3548,3548,0,0,1,1,-452,-948,3119,2623,0,0,0,0,0,0,0,0,0,0,0,0,152,255,0,0,0,0,0,0,152,255,3271,2878,5038,5574,5106,5412,-68,162,0,0,684,436,-752,-274,0,0,31,17,0,0,79,171,479,30,-1121,-116,0,0,0,0,0,0,0,0,156,181,-1277,-297,0
69,0,0,0,0,0,0,0,0,38774,46060,0,0,6,6,3868,3788,0,0,42648,49854,2512897,2514128,1268,405,3769865,3576966,64390,54497,126531,7658,2762,10455,6477713,6164109,6520361,6213963,26605,26605,0,0,3803,3803,0,0,20302,20302,276379,338360,327089,389070,548,548,187217,184369,0,0,0,0,187765,184917,1723075,1734799,4151680,3825188,0,0,15980,8159,0,0,5890735,5568146,6405589,6142133,1215717,1153033,699050,1098594,516667,54439,0,0,269005,209567,247662,-155128,0,0,3963,5958,198207,92777,393908,376548,348782,203193,98544,-68592,495,0,-31716,10084,43922,1311,179,136,25117,677,29189,-70444,1
70,0,0,0,0,0,0,0,0,22314,14129,0,0,1,1,430,151,0,0,22745,14281,9861,17943,947,265,67286,91691,0,0,326,48,0,0,78420,109947,101165,124228,4055,4055,0,0,992,973,10127,10127,343,343,19711,17890,35228,33388,0,0,256,218,0,0,0,0,256,218,3196,7678,53440,73461,0,0,10501,10423,0,0,67137,91562,102621,125168,226880,262176,200540,221448,26340,40728,0,0,26233,28706,107,12022,0,0,28,142,465,428,7659,4203,18085,13961,-10756,1978,0,1976,-2120,-2176,244,36,1235,269,0,0,-9765,235,0
71,0,0,0,0,0,0,0,0,321,395,0,0,0,0,0,0,0,0,321,395,33,19,0,0,25552,7784,0,0,7417,8094,0,0,33002,15897,33323,16292,2,2,0,0,4,4,0,0,0,0,31523,15781,31529,15787,0,0,0,0,0,0,0,0,0,0,0,0,2684,304,0,0,0,0,0,0,2684,304,34213,16091,57123,16717,24062,12365,33061,4352,0,0,22503,17179,10558,-12827,0,0,0,0,0,0,2483,7,4207,1551,8834,-14371,0,0,0,0,0,0,0,0,1390,1047,7444,-15418,0
72,1,1,0,0,0,0,0,0,40926,50605,0,0,7949,7949,64,64,0,0,48940,58619,1274436,1288259,29586,6623,2805005,3271445,130640,114895,101953,229101,6636,8270,4348256,4918593,4397196,4977212,2952,2952,0,0,6496,6496,0,0,433,433,246915,265344,256796,275225,295669,325544,2621,2765,0,0,0,0,298290,328309,0,0,3848150,4349284,0,0,0,22606,0,0,3848150,4371890,4403236,4975424,3574699,6665076,3203117,6042324,371582,622752,0,0,156438,155615,215144,467137,0,0,8033,9788,43946,41668,51619,85248,171089,230527,59761,289978,4966,6597,-1759,-1660,644,169,0,0,3413,307,50738,282905,0
73,0,0,0,0,0,0,0,0,39291,39299,0,0,0,0,1568,686,742,742,41601,40727,1327,1202,380,163,8395,11810,4190,5875,8229,2305,0,0,22521,21355,64122,62082,20980,20980,0,0,0,0,0,0,1057,1057,28947,24348,50984,46385,0,0,1989,1883,0,0,0,0,1989,1883,0,0,10141,10834,384,375,567,620,0,0,11092,11829,64065,60097,53985,52052,31512,33226,22473,18826,1271,1615,20831,21042,371,-3831,0,0,548,464,0,0,6204,3274,5302,4578,1821,-4671,313,334,253,850,95,144,287,844,0,0,1700,-4305,0
74,222,222,0,0,0,0,0,0,22940,22844,0,0,0,0,0,0,0,0,23162,23066,106,90,1363,1435,20115,16200,12402,0,22,1594,35,0,34043,19319,57205,42385,25,25,0,0,21160,21160,38802,38802,1591,1591,-228386,-233670,-166808,-172092,0,0,0,0,0,0,0,0,0,0,3184,3184,222645,208575,0,0,0,0,60,471,225889,212230,59081,40138,34175,0,61418,0,-27243,0,0,0,8282,0,-35525,0,0,0,9,0,0,0,15341,13811,22588,18363,-42763,-4552,79,8,-2258,0,61,0,5885,0,0,0,-37018,-4560,0
75,0,0,0,0,0,0,0,0,1627,1220,0,0,0,0,0,30,0,0,1627,1250,3862,67213,0,4772,14564,25576,0,103,1737,65,2356,439,22519,98168,24146,99418,3,3,0,0,0,0,0,0,0,0,9974,9977,9977,9980,340,182,0,9,0,0,0,0,340,191,0,0,14295,85041,0,0,0,151,0,0,14295,85192,24612,95363,44618,110361,27601,80041,17017,30320,0,0,19158,28356,-2141,1964,0,0,1,36,48,93,3041,0,1239,172,-386,1735,5,128,-100,-26,0,8,0,31,50,296,-441,1334,0
76,0,0,0,0,0,0,0,0,15511,10107,0,0,0,0,739,694,0,0,16250,10801,52307,28152,0,0,373014,531783,188,0,494,3311,42640,1115,468643,564361,484893,575162,9,9,0,0,471,471,0,0,2,2,257701,276050,258183,276532,0,0,10796,15253,0,0,0,0,10796,15253,5,0,180365,253780,0,0,21185,21021,0,0,201555,274801,470534,566586,620083,875083,523062,826389,97021,48694,0,0,43232,42795,53789,5899,0,0,1764,1046,54,0,950,2911,19880,11396,36569,-1540,4638,2783,-855,-1078,7127,4508,22,18,1244,1874,23582,-10687,0
77,71,65,0,0,0,0,0,0,66863,64843,0,0,156841,209897,6189,10316,0,0,229964,285121,10602,17281,2,0,344555,374615,0,198,213927,275629,29086,54175,598172,721898,828136,1007019,1014,1014,0,0,0,0,0,0,50,50,533283,628228,534347,629292,0,0,9426,14827,8968,1559,0,0,18394,16386,17186,4442,201060,317078,0,0,42146,45296,0,0,260392,366816,813133,1012494,882827,896453,681441,627892,201386,268561,0,0,104286,118786,97100,149775,8378,12757,18133,14211,1616,1092,118338,107870,72981,116739,167352,166782,15322,32111,10414,1010,1136,5562,1211,3769,15,4,152090,132874,0
78,0,0,0,0,0,0,0,0,325269,914573,0,0,20,20,535736,609598,601256,621521,1462281,2145712,1981572,1703022,831,0,2559971,2160671,0,39937,1035872,595449,27167,25306,5605413,4524385,7067694,6670097,3244115,3244115,0,0,0,628515,177745,177745,10718,10718,-2646087,-3346914,786491,714179,3946624,4044027,6398,8340,0,0,0,0,3953022,4052367,30296,170644,2136142,1687161,0,0,169976,116454,0,0,2336414,1974259,7075927,6740805,4522662,4474220,4756331,4510194,-233669,-35974,0,0,0,0,-233669,-35974,0,0,11018,38144,508204,308546,259664,293309,2750952,603627,-3222143,-616694,0,0,420129,82679,1120,178,230240,63884,6891,795,-2999914,-553783,0
79,0,0,0,0,0,0,0,0,37338,39781,0,0,0,0,318,214,0,0,37656,39995,55342,10051,0,61,4790,5565,0,0,117,6,46,0,60295,15683,97951,55678,1466,1466,0,0,16584,16584,0,0,1495,1495,17196,17142,36741,36687,0,0,26,26,0,0,0,0,26,26,4030,366,56412,17299,0,0,0,0,0,0,60442,17665,97209,54378,24696,33822,25143,30085,-447,3737,0,0,3448,300,-3895,3437,0,0,0,0,427,497,5816,260,871,2910,623,290,62,37,0,0,0,0,127,110,0,0,688,363,0
80,0,0,0,0,0,0,0,0,0,0,0,0,0,0,12454,11919,234,136,12688,12055,182,131,2,1627,1314679,1260151,50665,10634,66,6,0,7,1365594,1272556,1378282,1284611,78,78,0,0,0,0,0,0,11,11,78115,75253,78204,75342,0,0,3755,3755,0,0,0,0,3755,3755,31688,10723,1180296,1234290,0,0,415,671,49701,0,1262100,1245684,1344059,1324781,259271,310720,229784,278224,29487,32496,0,0,8248,16604,21239,15892,0,0,3556,2511,2795,667,7827,29833,19798,33636,10029,13933,805,134,6376,-340,3771,0,1676,648,47,451,7082,13996,0
81,0,0,0,0,0,0,0,0,57451,54744,0,0,0,0,13606,13606,0,0,71057,68350,10194,10046,1,0,18835,48122,0,0,8,0,4,4,29042,58172,100099,126522,27575,27575,0,0,59012,59012,0,0,1406,1406,-963240,-833870,-875247,-745877,346502,346502,2484,2484,0,0,0,0,348986,348986,24542,24542,581206,496311,0,0,18836,19129,0,0,624584,539982,98323,143091,132595,16138,611674,0,-479079,16138,0,0,60149,18938,-539228,-2800,0,0,0,0,24431,0,374638,2892,232463,1501,-421484,-1409,0,0,-62436,0,5870,0,14658,0,99561,0,-512257,-1409,0
82,0,0,0,0,0,0,0,0,23050,2204,0,0,109116,0,68069,69738,0,0,200235,71942,27427,0,0,0,196656,1468,0,0,22938,20540,87,0,247108,22008,447343,93950,37231,37231,0,0,6552,22,29251,29251,1810,1810,69618,-269702,144462,-201388,0,0,491,0,11965,0,0,0,12456,0,0,0,304538,284214,0,0,2252,0,0,0,306790,284214,463708,82826,3414,50,1698,83,1716,-33,0,0,21790,13263,-20074,-13296,0,0,0,8,0,318,151853,67156,245866,378657,-114087,-325107,0,0,-757,-59630,7,490,21579,1292,910,137,-93425,-324442,0
83,0,0,0,0,0,0,0,0,49902,41064,0,0,0,1133,0,0,0,3065,49902,45262,12435,11691,1133,161,74410,68162,0,0,114813,123921,486,175,203277,204110,253179,249372,37,37,0,0,0,0,8553,6679,766,766,177557,181920,186913,189402,0,0,20,20,0,0,0,0,20,20,0,0,56239,46497,0,0,4074,5886,0,0,60313,52383,247246,241805,628343,438891,590223,434573,38120,4318,0,0,0,0,38120,4318,0,534,7619,5763,111,299,14406,27095,28515,20215,31519,17196,6905,2645,-1499,-1047,682,0,0,418,9,0,23923,14969,0
84,0,0,0,0,0,0,0,0,8568,6167,0,0,113,113,813,146,0,0,9494,6426,8089,7706,0,0,29609,26072,0,0,5,14,0,0,37703,33792,47197,40218,8,8,0,0,0,0,8707,8707,9812,9812,-3118,-7987,15409,10540,0,0,513,901,0,0,0,0,513,901,0,0,30360,28219,0,0,0,0,0,0,30360,28219,46282,39660,17505,18620,8430,8084,9075,10536,0,0,10999,11974,-1924,-1438,0,0,0,0,0,0,2017,2422,1508,1168,-1415,-184,0,0,-47,-185,43,426,730,8,0,37,-728,-639,0
85,0,0,0,0,0,0,0,0,101230,109542,0,0,0,0,0,0,0,0,101230,109542,101924,414110,8,336,296844,264289,34617,3564,213,1019,0,1377,433606,684695,534836,794237,77,77,0,0,12705,12705,0,0,4,4,223728,239207,236514,251993,0,0,297,203,0,0,0,0,297,203,5801,572,290955,526155,0,0,0,0,0,0,296756,526727,533567,778923,536804,682299,427884,531764,108920,150535,0,0,72062,100724,36858,49811,0,0,2932,2613,3922,6134,133111,16989,139725,66146,29254,-2867,7846,3620,0,0,0,0,0,0,1190,1293,20218,-7780,0
86,0,0,0,0,0,0,0,0,1519,567,0,0,0,0,0,0,0,0,1519,567,11605,6947,0,0,32377,48109,0,0,4679,3049,0,0,48661,58105,50180,58672,13,13,0,0,0,0,12130,12130,0,0,4827,4829,16970,16972,0,0,0,0,0,0,0,0,0,0,79,0,30601,36496,0,0,2930,3641,0,0,33610,40137,50580,57109,161325,180413,164555,179054,-3230,1359,0,0,2841,2839,-6071,-1480,0,0,0,0,0,0,0,0,73,0,-6144,-1480,135,58,0,0,0,0,0,0,0,0,-6279,-1538,0
87,0,0,0,0,0,0,0,0,6092,1068,0,0,6392,45,0,0,22757,0,35241,1113,9813,0,1350,0,6525,3711,0,0,0,0,300,0,17988,3711,53229,4824,7,7,0,0,0,0,0,0,141,157,3637,3499,3785,3663,0,0,0,0,0,0,0,0,0,0,12130,0,15943,1154,20228,0,0,0,0,0,48301,1154,52086,4817,92382,0,82221,0,10161,0,0,0,9707,0,454,0,0,0,0,0,0,0,0,0,150,0,304,0,110,0,0,0,0,0,0,0,0,0,194,0,1
88,0,0,0,0,0,0,0,0,557,464,0,0,0,0,0,0,0,0,557,464,25,0,0,0,382,254,0,0,87,183,0,0,494,437,1051,901,136,136,0,0,0,0,0,0,0,0,-147,-363,-11,-227,0,0,0,0,0,0,0,0,0,0,150,150,923,977,0,0,0,0,0,0,1073,1127,1062,900,2095,2141,161,185,1934,1956,0,0,2026,2360,-92,-404,0,0,0,0,0,0,0,157,0,29,-92,-276,0,0,0,0,0,0,0,0,21,23,-113,-299,0
89,0,0,0,0,0,0,0,0,2826,2578,0,0,0,0,0,0,0,0,2826,2578,5767,0,7,0,18320,2816,0,0,255,1977,462,0,24811,4793,27637,7371,15,0,0,0,0,0,2219,0,286,0,-9788,-30386,-7268,-30386,0,35,0,0,0,0,0,0,0,35,0,0,34065,38384,0,0,0,0,0,0,34065,38384,26797,8033,27996,7321,38971,8902,-10975,-1581,0,0,0,0,-10975,-1581,0,0,0,0,0,0,4695,1485,6503,6269,-12783,-6365,0,0,0,0,0,0,0,0,0,0,-12783,-6365,0
90,0,0,0,0,0,0,0,0,2582,1749,0,0,0,0,0,0,0,0,2582,1749,23955,14310,0,0,3853,4045,0,0,7643,420,0,0,35451,18775,38033,20524,0,0,0,0,0,0,0,0,0,0,0,0,0,0,0,5314,0,0,0,0,0,0,0,5314,0,0,17025,9893,0,0,0,0,15683,0,32708,9893,32708,15207,57388,51859,56658,50489,730,1370,0,0,0,0,730,1370,0,0,0,0,196,716,0,0,231,213,303,441,27,25,0,0,0,0,0,0,0,0,276,416,0
91,0,0,0,0,0,0,0,0,14359,942,0,0,6462,6462,238,1869,0,0,21059,9273,4225,3630,4,11,26517,10515,0,0,58735,61515,910,1682,90391,77353,111450,86626,204,204,0,0,375,54,0,0,10,10,92365,76721,92954,76989,0,0,16,30,0,0,0,0,16,30,0,0,21453,10279,0,0,0,0,0,0,21453,10279,114423,87298,154805,163197,149642,148106,5163,15091,0,0,0,0,5163,15091,0,0,180,2097,0,0,5670,861,8958,27604,2055,-9555,1912,2299,-966,-3301,28,13,216,1704,0,0,331,-10163,0
92,0,0,0,0,0,0,0,0,21686,21904,0,0,10,10,0,0,0,0,21696,21914,11,8,0,0,2334,2546,0,0,4705,7187,0,0,7050,9741,28746,31655,7321,7321,0,0,9781,9781,6079,6079,650,650,4519,8785,28350,32616,0,0,0,0,0,0,0,0,0,0,0,0,503,195,0,0,0,0,0,0,503,195,28853,32811,16127,15230,0,0,16127,15230,0,0,10155,9102,5972,6128,0,0,0,340,0,0,3340,91,5809,1683,3503,4876,0,0,0,0,0,0,0,0,0,0,3503,4876,0
93,0,0,3,3,0,0,0,0,41750,37624,0,0,0,0,6154,5530,204,208,48111,43365,36419,48764,0,0,43083,50109,0,3037,285,127,0,0,79787,102037,127898,145402,7721,7721,0,0,0,0,280,280,530,530,73220,85500,81751,94031,11897,18558,0,0,0,0,0,0,11897,18558,1234,2305,33583,31817,0,0,10,0,0,0,34827,34122,128475,146711,233514,290948,181302,214637,52212,76311,0,0,39227,48093,12985,28218,0,0,0,0,0,0,4040,4353,9978,7256,7047,25315,2365,3232,-727,-387,0,0,483,634,0,0,5165,22717,0
94,0,0,0,0,0,0,0,0,17073,16593,0,236,0,0,2415,4066,0,0,19488,20895,6505,6743,0,0,14502,17353,0,0,384,0,0,0,21391,24096,40879,44991,5592,5592,0,0,0,0,0,0,811,811,21552,13548,27955,19951,0,0,18,6,0,0,0,0,18,6,649,117,14092,24774,0,0,0,0,0,0,14741,24891,42714,44848,17928,14678,26792,22228,-8864,-7550,0,0,0,0,-8864,-7550,0,0,0,0,0,0,36,163,1003,1659,-9831,-9046,0,0,0,0,2,0,1899,1583,0,0,-7934,-7463,0
95,0,0,0,0,0,0,0,0,13735,10884,0,0,0,0,901,890,0,0,14636,11774,13769,20546,0,0,72133,54416,0,0,2214,304,0,0,88116,75266,102752,87040,2050,2050,0,0,0,0,7558,7558,291,291,44788,43444,54687,53343,0,0,1026,1026,0,0,0,0,1026,1026,8720,2042,33349,29451,0,0,4436,0,0,0,46505,31493,102218,85862,192802,137461,183261,132666,9541,4795,0,0,0,0,9541,4795,0,0,0,0,658,939,424,142,4057,1190,5250,2808,1270,642,1,10,0,0,8,4,548,586,3440,1584,0
96,0,0,0,0,0,0,0,0,5422,4360,0,0,0,0,3,2240,0,0,5425,6600,108,573,0,0,26453,33402,12414,1496,6368,613,216,173,45559,36257,50984,42857,685,685,0,0,6876,6876,0,0,99,99,31787,3325,39447,10985,0,9513,0,0,0,0,0,0,0,9513,5893,882,6381,21786,0,0,0,0,0,0,12274,22668,51721,43166,70464,29902,13264,9086,57200,20816,0,0,51132,35714,6068,-14898,29,0,167,0,0,0,31211,10903,31685,11536,5790,-15531,409,0,-162,-61,0,0,2,2295,3219,0,2164,-13236,0
97,0,0,0,0,0,0,0,0,432,596,0,0,0,0,0,0,0,0,432,596,98,69,0,0,1241,257,0,0,2189,3188,0,0,3528,3514,3960,4110,4,4,0,0,0,0,2771,2771,0,0,1083,1113,3858,3888,0,0,0,0,0,0,0,0,0,0,0,0,94,196,0,0,0,0,0,0,94,196,3952,4084,15001,16321,15545,15602,-544,719,0,0,0,0,-544,719,0,0,0,0,0,0,2577,0,133,109,1900,610,177,189,0,0,0,0,0,0,0,0,1723,421,0
98,2498,2498,0,0,0,0,0,0,112011,107223,513692,455417,402925,387613,1319,5892,44710,15014,1077155,973657,670702,421458,3597,11829,6856252,6043379,139505,1819040,577515,321535,40324,48368,8287895,8665609,9365050,9639266,173389,173389,0,0,37556,26483,0,0,8564,8564,212457,321267,431966,529703,1417346,1463744,80045,76193,0,0,0,0,1497391,1539937,2077624,656267,5456718,7213971,0,0,20028,20896,0,0,7554370,7891134,9483727,9960774,7644813,5004171,7273839,4735304,370974,268867,0,0,0,0,370974,268867,117245,2615,19602,179309,197141,330526,1205503,810922,1509708,865566,6475,65621,794,9,-8796,-86386,40569,2701,5229,4807,2280,2042,-31939,65676,0
99,0,0,0,0,0,0,0,0,10230,8121,0,0,1,1,0,0,0,0,10231,8122,7743,5333,0,0,34731,14761,0,0,1164,1496,225,176,43863,21766,54094,29888,76,76,0,0,10403,10403,0,0,0,0,6108,4993,16587,15472,0,0,259,243,0,0,0,0,259,243,0,0,37610,13742,0,0,188,0,69,31,37867,13773,54713,29488,264240,146018,239732,132639,24508,13379,0,0,22458,12554,2050,825,0,0,0,0,4208,0,1525,5024,1457,1215,-2090,4634,158,133,130,105,20,21,0,0,0,0,-2268,4480,0
100,0,0,0,0,0,0,0,0,10,10,0,0,0,0,0,0,0,0,10,10,0,0,0,0,0,0,0,0,0,0,0,0,0,0,10,10,10,10,0,0,0,0,0,0,0,0,0,0,10,10,0,0,0,0,0,0,0,0,0,0,0,0,0,0,0,0,0,0,0,0,0,0,10,10,0,0,0,0,0,0,0,0,0,0,0,0,0,0,0,0,0,0,0,0,0,0,0,0,0,0,0,0,0,0,0,0,0,0,0,0,0
